abenaki;Abenaki;Abenaki;Abenaki;Abenaki;;;;;;;;;x;
afroaustronesian;Afroaustronesian;Afroaustronesian;Afroaustronesian;Afroaustronesian;Afroaustronesian;Afroaustronesian;Afroaustronesian;Afroaustronesian;Afroaustronesian;Afroaustronesian;Afroaustronesian;Afroaustronesian;Afroaustronesian;x
aimara;Aimara;Aimara;Aimara;Aimara;;;;;;;;;x;
ainu;Ainu;Ainu;Ainu;Ainu;;;;;;;;;x;
aja;Aja;Aja;Aja;;Aja;;;;;;;;;x;
aleut;Aleut;;;;;;;;;;;;;x;
andean;Andean;Andean;Andean;Andean;Andean;;;;;;;;;x;
andean_american;Andean_American;Andean_American;Andean_American;Andean_American;;;;;;;;;x;
angolan;Ovimbundu;Ovimbundu;Ovimbundu;Ovimbundu;;;;;;;;;x;
anishinabe;Anishinabe;Anishinabe;Anishinabe;Anishinabe;;;;;;;;;x;
apache;Apache;Apache;Apache;Apache;;;;;;;;;x;
apachean;Nadene;;;;;;;;;;;;;x;
arapaho;Arapaho;Arapaho;Arapaho;Arapaho;;;;;;;;;x;
araucanian;Reche;Reche;Reche;Reche;Reche;;;;;;;;;x;
arawak;Arawak;Arawak;Arawak;Arawak;;;;;;;;;x;
arawako;Arawako;Arawako;Arawako;Arawako;;;;;;;;;x;
aridoamerican;Aridoamerican;Aridoamerican;Aridoamerican;;Aridoamerican;;;;;;;;;x;
assiniboin;Assiniboin;;;;;;;;;;;;;x;
assyrian;Assyrian;Assyrien;Assyrer;;Asirio;;;;;;;;;x;
atakapa;Atakapa;Atakapa;Atakapa;Atakapa;;;;;;;;;x;
atakapan;Atakapan;Atakapan;Atakapan;Atakapan;;;;;;;;;x;
athabascan;Dene;Dene;Dene;Dene;;;;;;;;;x;
athabascan_group;Athabascan;Athabascan;Athabascan;Athabascan;;;;;;;;;x;
atikamekw;Atikamekw;Atikamekw;Atikamekw;Atikamekw;;;;;;;;;x;
australia_group;Aboriginal;Aboriginal;Aboriginal;Aboriginal;;;;;;;;;x;
australian;Aboriginal;Aboriginal;Aboriginal;Aboriginal;;;;;;;;;x;
austronesian;Austronesian;Austronesian;Austronesian;Austronesian;Austronesian;;;;;;;;;x;
azoren;Azoren;Azoren;Azoren;Azoren;Azoren;;;;;;;;;x;
aztecan_group;Nahuatl;Nahuatl;Nahuatl;Nahuatl;;;;;;;;;x;
bantu;Bantu;Bantu;Bantu;Bantu;Bantu;Bantu;Bantu;Bantu;Bantu;Bantu;Bantu;Bantu;Bantu;x
beothuk;Beothuk;Beothuk;Beothuk;Beothuk;;;;;;;;;x;
berberic;Berberic;Berbere;Berberischen;;Berberiscos;;;;;;;;;x;
bermudan;Bermudan;Bermudan;Bermudan;Bermudan;Bermudan;;;;;;;;;x;
blackfoot;Blackfoot;Blackfoot;Blackfoot;Blackfoot;;;;;;;;;x;
botswanan;Khoekhoe;Khoekhoe;Khoekhoe;Khoekhoe;;;;;;;;;x;
caddoan;Caddoan;Caddoan;Caddoan;Caddoan;Caddoan;;;;;;;;;x;
caddo;Caddo;Caddo;Caddo;Caddo;;;;;;;;;x;
cahita;Cahita;Cahita;Cahita;Cahita;;;;;;;;;x;
cahitan;Cahitan;;;;;;;;;;;;;x;
cahokian;Cahokian;Cahokian;Cahokian;Cahokian;;;;;;;;;x;
cahuila;Takic;Takic;Takic;Takic;;;;;;;;;x;
calusa;Calusa;Calusa;Calusa;Calusa;;;;;;;;;x;
calusan;Calusan;Calusan;Calusan;Calusan;;;;;;;;;x;
cameroonian;Bamileke-Mum;;;;;;;;;;;;x;
cara;Cara;Cara;Cara;Cara;;;;;;;;;x;
caran_group;Cara;;;;;;;;;;;;;x;
caran;Caran;Caran;Caran;Caran;Caran;;;;;;;;;x;
carib;Carib;Carib;Carib;Carib;;;;;;;;;x;
carribean;Carribean;Carribean;Carribean;Carribean;Carribean;;;;;;;;;x;
catawba;Catawba;Catawba;Catawba;Catawba;;;;;;;;;x;
chachapoyan;Chachapoyan;Chachapoyan;Chachapoyan;Chachapoyan;;;;;;;;;x;
chacoan;Mbaya;Mbaya;Mbaya;Mbaya;;;;;;;;;x;
charruan;Charruan;Charruan;Charruan;Charruan;;;;;;;;;x;
cherokee;Cherokee;Cherokee;Cherokee;Cherokee;;;;;;;;;x;
chetimachan;Chetimachan;Chetimachan;Chetimachan;Chetimachan;;;;;;;;;x;
cheyenne;Cheyenne;Cheyenne;Cheyenne;Cheyenne;;;;;;;;;x;
chibcha;Chibcha;Chibcha;Chibcha;Chibcha;;;;;;;;;x;
chibchan;Chibchan;Chibchan;Chibchan;Chibchan;;;;;;;;;x;
chibchan_group;Chibchan;Chibchan;Chibchan;Chibchan;;;;;;;;;x;
chichimecan;Chichimecan;Chichimecan;Chichimecan;Chichimecan;Chichimecan;;;;;;;;;x;
chichimecha;Chichimecha;Chichimecha;Chichimecha;Chichimecha;;;;;;;;;x;
chickasaw;Chickasaw;Chickasaw;Chickasaw;Chickasaw;;;;;;;;;x;
chilcotin;Chilcotin;Chilcotin;Chilcotin;Chilcotin;;;;;;;;;x;
chimu;Chimu;Chimu;Chimu;Chimu;;;;;;;;;x;
chimuan;Chimuan;Chimuan;Chimuan;Chimuan;Chimuan;;;;;;;;;x;
chinook_group;Chinook;;;;;;;;;;;;;x;
chinook;Chinook;Chinook;Chinook;Chinook;;;;;;;;;x;
chiribaya;Chiribaya;Chiribaya;Chiribaya;Chiribaya;;;;;;;;;x;
chitimacha;Chitimacha;Chitimacha;Chitimacha;Chitimacha;;;;;;;;;x;
chiwere;Chiwere;;;;;;;;;;;;;x;
choctaw;Choctaw;Choctaw;Choctaw;Choctaw;Choctaw;;;;;;;;;x;
cholan;Cholan;Cholan;Cholan;Cholan;;;;;;;;;x;
chon;Chon;Chon;Chon;Chon;;;;;;;;;x;
chonan;Chonan;Chonan;Chonan;Chonan;;;;;;;;;x;
chontal;Chontal;Chontal;Chontal;Chontal;;;;;;;;;x;
chontales;Chontales;Chontales;Chontales;Chontales;Chontales;;;;;;;;;x;
chorotega;Choluteca;;;;;;;;;;;;;x;
chukchi;Chukchi;;;;;;;;;;;;;x;
chumash_group;Chumash;Chumash;Chumash;Chumash;Chumash;;;;;;;;;x;
chumash;Chumash;Chumash;Chumash;Chumash;Chumash;;;;;;;;;x;
coahuiltec;Coahuiltec;Coahuiltec;Coahuiltec;Coahuiltec;;;;;;;;;x;
coahuiltecan;Coahuiltecan;;;;;;;;;;;;;x;
cochiman;Cochiman;;;;;;;;;;;;;x;
cochimi;Cochimi;Cochimi;Cochimi;Cochimi;;;;;;;;;x;
comanche;Comanche;Comanche;Comanche;Comanche;;;;;;;;;x;
coptic;Coptic;Copte;Koptisch;;Copto;;;;;;;;;x;
corachol;Corachol;;;;;;;;;;;;;x;
cree;Cree;Cree;Cree;Cree;;;;;;;;;x;
cree_algonquian;Cree Algonquian;Cree Algonquian;Cree Algonquian;Cree Algonquian;Cree Algonquian;;;;;;;;;x;
creek;Creek;Creek;Creek;Creek;;;;;;;;;x;
crow;Crow;;;;;;;;;x;
cuicatec;Cuicatec;Cuicatec;Cuicatec;Cuicatec;;;;;;;;;x;
cuitlatec;Cuitlatec;Cuitlatec;Cuitlatec;Cuitlatec;;;;;;;;;x;
culle;Culle;Culle;Culle;Culle;;;;;;;;;x;
dakelh;Dakelh;;;;;;;;;;;;;x;
dakota;Dakota;Dakota;Dakota;Dakota;;;;;;;;;x;
delaware;Delaware;Delaware;Delaware;Delaware;Delaware;;;;;;;;;x;
dene;Dene;;;;;;;;;;;;;x;
dhegidan;Dhegidhan;;;;;;;;;;;;;x;
diaguita;Diaguita;Diaguita;Diaguita;Diaguita;;;;;;;;;x;
dulegaya;Dulegaya;Dulegaya;Dulegaya;Dulegaya;;;;;;;;;x;
east_algonquian;East_Algonquian;East_Algonquian;East_Algonquian;East_Algonquian;;;;;;;;;x;
east_bantu;East Bantu;East Bantu;East Bantu;East Bantu;East Bantu;East Bantu;East Bantu;East Bantu;East Bantu;East Bantu;East Bantu;East Bantu;East Bantu;x
eastern_siouan;Eastern Siouan;Eastern Siouan;Eastern Siouan;Eastern Siouan;;;;;;;;;x;
emishi;Emishi;Emishi;Emishi;Emishi;;;;;;;;;x;
erielhonan;Eriean;Eriean;Eriean;Eriean;;;;;;;;;x;
eskimo;Eskimo;Eskimo;Eskimo;Eskimo;;;;;;;;;x;
even;Even;;;;;;;;;;;;;x;
evenk;Yakut;;;;;;;;;;;;;x;
ewe;Ewe;Ewe;Ewe;;Ewe;;;;;;;;;x
falashi;Falashi;Falashi;Falashi;;Falashi;;;;;;;;;x;
far_north_east;Far Northeastern;;;;;;;;;;;;;x;
fon;Fon;Fon;Fon;;Fon;;;;;;;;;x;
gabonese;Bakongo;Bakongo;Bakongo;Bakongo;;;;;;;;;x;
galapan;Galapan;Galapan;Galapan;Galapan;Galapan;;;;;;;;;x;
ganda_rwanda_rundi;Ganda-Rwanda-Rundi;Ganda-Rwanda-Rundi;Ganda-Rwanda-Rundi;Ganda-Rwanda-Rundi;Ganda-Rwanda-Rundi;;;;;;;;;x;
ganda;Ganda;;;;;;;;;;;;x;
ge;Je;Je;Je;Je;Je;;;;;;;;;x;
guachichil_group;Guachichil;;;;;;;;;;;;;x;
guachichil;Guachichil;;;;;;;;;;;;;x;
guanchinet;Guanchinet;Guanches;Guanchen;;Guanchos;;;;;;;;;x
guarani;Guarani;Guarani;Guarani;Guarani;;;;;;;;;x;
guaycuran_group;Guaycuran;;;;;;;;;;;;;x;
guaycuran;Guaycuran;;;;;;;;;;;;;x;
gwichin;Gwichin;;;;;;;;;;;;;x;
haida;Haida;;;;;;;;;;;;;x;
hausa;Hausa;Hausa;Hausa;Hausa;;;;;;;;;x;
hawaiian;Hawaiian;;;;;;;;;;;;;x;
hayda;Hayda;Hayda;Hayda;Hayda;;;;;;;;;x;
hebrew;Hebrew;Hébreu;Hebräisch;;Hebreo;;;;;;;;;x;
het;Het;Het;Het;Het;;;;;;;;;x;
highland_mayan;Highland Mayan;Highland Mayan;Highland Mayan;Highland Mayan;Highland Mayan;;;;;;;;;x;
hmong_mien;Hmong-Mien;Hmong-Mien;Hmong-Mien;Hmong-Mien;Hmong-Mien;;;;;;;;;x;
hmong;Hmong;Hmong;Hmong;Hmong;Hmong;;;;;;;;;x;
hodui;Hodui;Hodui;Hodui;;Hodui;;;;;;;;;x;
hohokam;Hohokam;Hohokam;Hohokam;;Hohokam;;;;;;;;;x;
hokan_group;Hokan;;;;;;;;;;;;;x;
hokan;Hokan;Hokan;Hokan;;Hokan;;;;;;;;;x;
hoopa;Hoopa;Hoopa;Hoopa;Hoopa;;;;;;;;;x;
hopi;Hopi;Hopi;Hopi;Hopi;;;;;;;;;x;
huancabamba;Huancabamba;Huancabamba;Huancabamba;Huancabamba;;;;;;;;;x;
huarpe;Huarpe;Huarpe;Huarpe;Huarpe;;;;;;;;;x;
huarpean;Huarpean;Huarpean;Huarpean;Huarpean;;;;;;;;;x;
huastec;Huastec;Huastec;Huastec;Huastec;;;;;;;;;x;
huave_group;Huave;;;;;;;;;;;;;x;
huave;Huave;;;;;;;;;;;;;x;
huaylas;Huaylas;Huaylas;Huaylas;Huaylas;;;;;;;;;x;
hubibi;Nyamwezi;;;;;;;;;;;;x;
huron;Huron;Huron;Huron;Huron;;;;;;;;;x;
ila_tonga;Ila-Tonga;;;;;;;;;;;;x;
illini;Illini;Illini;Illini;Illini;;;;;;;;;x;
innu;Innu;Innu;Innu;Innu;;;;;;;;;x;
interior_cushitic;Interior Cushitic;Interior Cushitic;Interior Cushitic;Interior Cushitic;Interior Cushitic;;;;;;;;;x;
inuit;Inuit;Inuit;Inuit;Inuit;;;;;;;;;x;
irenwa;Irenwa;;;;;;;;;x;
iroquian;Iroquian;Iroquian;Iroquian;Iroquian;;;;;;;;;x;
iroquoian;Iroquoian;Iroquoian;Iroquoian;Iroquoian;Iroquoian;;;;;;;;;x;
iroquois;Iroquois;Iroquois;Iroquois;Iroquois;;;;;;;;;x;
italiki;Italiki;Italiki;Italiki;;Italiki;;;;;;;;;x;
itelmen;Itelmen;;;;;;;;;;;;;x;
itza;Itza;Itza;Itza;Itza;;;;;;;;;x;
ivoir;Kwa;Kwa;Kwa;Kwa;;;;;;;;;x;
je;Je;Je;Je;Je;Je;;;;;;;;;x;
je_tupi;Je_Tupi;Je_Tupi;Je_Tupi;Je_Tupi;;;;;;;;;x;
jivaro;Shuar;Shuar;Shuar;Shuar;;;;;;;;;x;
kalanga;Kalanga;Kalanga;Kalanga;Kalanga;Kalanga;;;;;;;;;x;
kalina;Kalina;Kalina;Kalina;Kalina;;;;;;;;;x;
kalinago;Kalinago;Kalinago;Kalinago;Kalinago;;;;;;;;;x;
kalispel;Kalispel;Kalispel;Kalispel;Kalispel;;;;;;;;;x;
kanari;Kanari;Kanari;Kanari;Kanari;;;;;;;;;x;
kanuri;Kanuri;Kanuri;Kanuri;Kanuri;;;;;;;;;x;
kanza;Kanza;Kanza;Kanza;Kanza;;;;;;;;;x;
karai;Karai;Karai;Karai;;Karai;;;;;;;;;x;
karanga;Shona;;;;;;;;;;;;;x;
kenya;Kamba-Kikuyu;;;;;;;;;;;;x;
khoe;Khoe;Khoe;Khoe;Khoe;Khoe;;;;;;;;;x;
khoi_san_group;Khoi-San-Group;Khoi-San-Group;Khoi-San-Group;Khoi-San-Group;Khoi-San-Group;;;;;;;;;x
khoi_san;Khoi-San;Khoi-San;Khoi-San;Khoi-San;Khoi-San;;;;;;;;;x
khoisan;Khoisan;Khoisan;Khoisan;Khoisan;;;;;;;;;x;
kilai;Kilai;Kilai;Kilai;;Kilai;;;;;;;;;x;
klamath_group;Klamath;;;;;;;;;;;;;x;
klamath;Klamath;;;;;;;;;;;;;x;
kolokolo;Tumbuka;;;;;;;;;;;;x;
koryak;Koryak;;;;;;;;;;;;;x;
koyukon;Koyukon;;;;;;;;;;;;;x;
kutenai;Kutenai;Kutenai;Kutenai;Kutenai;;;;;;;;;x;
kutenai_group;Kutenai;Kutenai;Kutenai;Kutenai;;;;;;;;;x;
lacandon;Lacandon;Lacandon;Lacandon;Lacandon;Lacandon;;;;;;;;;x;
lakota;Lakota;Lakota;Lakota;Lakota;;;;;;;;;x;
lenape;Lenape;Lenape;Lenape;Lenape;;;;;;;;;x;
lenca;Lenca;Lenca;Lenca;Lenca;;;;;;;;;x;
lencan;Lencan;;;;;;;;;;;;;x;
lipan;Lipan;Lipan;Lipan;Lipan;Lipan;;;;;;;;;x;
lokono;Lokono;Lokono;Lokono;Lokono;Lokono;;;;;;;;;x;
lolo;Lolo;Lolo;Lolo;Lolo;Lolo;;;;;;;;;x;
madeiran;Madeiran;Madeiran;Madeiran;Madeiran;Madeiran;;;;;;;;;x;
mahican;Mahican;Mahican;Mahican;Mahican;;;;;;;;;x;
maipurean;Maipurean;Maipurean;Maipurean;Maipurean;;;;;;;;;x;
maipurean_group;Maipurean;Maipurean;Maipurean;Maipurean;;;;;;;;;x;
mamean;Mamean;Mamean;Mamean;Mamean;;;;;;;;;x;
manguean;Manguean;Manguean;Manguean;Manguean;;;;;;;;;x;
manguean_group;Manguean Group;Manguean Group;Manguean Group;Manguean Group;;;;;;;;;x;
manteno;Manteno;Manteno;Manteno;Manteno;;;;;;;;;x;
mapuchan;Mapuchan;Mapuchan;Mapuchan;Mapuchan;;;;;;;;;x;
mapuche;Reche;Reche;Reche;Reche;Reche;;;;;;;;;x;
maranon;Maranon;Maranon;Maranon;Maranon;;;;;;;;;x;
matacoan;Matacoan;Matacoan;Matacoan;Matacoan;;;;;;;;;x;
maya;Maya;Maya;Maya;Maya;Maya;;;;;;;;;x;
mayan_group;Maya;Maya;Maya;Maya;;;;;;;;;x;
mayanx;Mayan;Mayan;Mayan;Mayan;Mayan;;;;;;;;;x;
mayo;Mayo;Mayo;Mayo;Mayo;;;;;;;;;x;
menominee;Menominee;;;;;;;;;x;
mesoamerican;Nahuan;;;;;;;;;;;;;x;
metztitlani;Metztitlani;Metztitlani;Metztitlani;Metztitlani;;;;;;;;;x;
miami;Miami;Miami;Miami;Miami;;;;;;;;;x;
middag;Middag;Middag;Middag;;Middag;;;;;;;;;x;
mien;Mien;Mien;Mien;Mien;Mien;;;;;;;;;x;
mikmaq;Mikmaq;Mikmaq;Mikmaq;Mikmaq;;;;;;;;;x;
mingwe;Mingwe;Mingwe;Mingwe;Mingwe;;;;;;;;;x;
miqmaq;Miqmaq;Miqmaq;Miqmaq;Miqmaq;;;;;;;;;x;
miskito;Miskito;Miskito;Miskito;Miskito;Miskito;;;;;;;;;x;
mississippian;Caddoan;Caddoan;Caddoan;Caddoan;;;;;;;;;x;
missouri;Missouri;Missouri;Missouri;Missouri;;;;;;;;;x;
misumalpan;Misumalpan;Misumalpan;Misumalpan;Misumalpan;;;;;;;;;x;
miwok;Miwok;Miwok;Miwok;Miwok;;;;;;;;;x;
mixean;Mixean;Mixean;Mixean;Mixean;;;;;;;;;x;
mixtec;Mixtec;Mixtec;Mixtec;Mixtec;;;;;;;;;x;
mizrahi;Mizrahi;Mizrahi;Mizrahi;;Mizrahi;;;;;;;;;x;
mogollon;Mogollon;Mogollon;Mogollon;Mogollon;;;;;;;;;x;
mono;Mono;Mono;Mono;Mono;;;;;;;;;x;
mozam;Makhuwa;;;;;;;;;;;;x;
muisca;Muisca;Muisca;Muisca;Muisca;;;;;;;;;x;
muskogean;Muskogean;Muskogean;Muskogean;Muskogean;;;;;;;;;x;
nakota;Nakota;Nakota;Nakota;Nakota;;;;;;;;;x;
namibian;Herero;Herero;Herero;Herero;;;;;;;;;x;
navajo;Navajo;Navajo;Navajo;Navajo;;;;;;;;;x;
nawa;Nawa;Nawa;Nawa;Nawa;;;;;;;;;x;
nazca;Nazca;Nazca;Nazca;Nazca;;;;;;;;;x;
neutral;Neutral;Neutral;Neutral;Neutral;;;;;;;;;x;
ngabe;Ngabe;Ngabe;Ngabe;Ngabe;;;;;;;;;x;
nigger;Nigerian;Nigerian;Nigerian;Nigerian;;;;;;;;;x;
nilotic;Nilotic;Nilotic;Nilotic;Nilotic;Nilotic;;;;;;;;;x;
nkore_kiga;Nkore-Kiga;;;;;;;;;;;;x;
north_algonquian;North Algonquian;North Algonquian;North Algonquian;North Algonquian;;;;;;;;;x;
northwest_coast;Haida;;;;;;;;;;;;;x;
odawa;Odawa;Odawa;Odawa;Odawa;;;;;;;;;x;
ojibwa;Ojibwa;Ojibwa;Ojibwa;Ojibwa;;;;;;;;;x;
ojibwe;Ojibwe;;;;;;;;;x;
omotic_group;Omotic;Omotic;Omotic;Omotic;Omotic;;;;;;;;;x
omotic;Omotic;Omotic;Omotic;Omotic;Omotic;;;;;;;;;x;
opata;Opata;;;;;;;;;;;;;x;
oromo;Oromo;Oromo;Oromo;Oromo;;;;;;;;;x;
osagee;Osagee;Osagee;Osagee;Osagee;;;;;;;;;x;
otomanguean;Otomanguean;Otomanguean;Otomanguean;Otomanguean;Otomanguean;;;;;;;;;x;
otopamean;Otomi;;;;;;;;;;;;;x;
paiute;Paiute;Paiute;Paiute;;Paiute;;;;;;;;;x;
parasi;Parasi;Parasi;Parasi;;Parasi;;;;;;;;;x;
pawnee;Pawnee;Pawnee;Pawnee;Pawnee;;;;;;;;;x;
pech;Pech;Pech;Pech;Pech;;;;;;;;;x;
penutian;Penutian;Penutian;Penutian;Penutian;;;;;;;;;x;
penutian_colonial;Penutian_Colonial;Penutian_Colonial;Penutian_Colonial;Penutian_Colonial;;;;;;;;;x;
pequot;Pequot;Pequot;Pequot;Pequot;;;;;;;;;x;
phla;Phla;Phla;Phla;;Phla;;;;;;;;;x
pima;Pima;Pima;Pima;Pima;;;;;;;;;x;
piman;Piman;;;;;;;;;;;;;x;
pipil;Pipil;Pipil;Pipil;Pipil;;;;;;;;;x;
plain_algonquian;Plain Algonquian;Plain Algonquian;Plain Algonquian;Plain Algonquian;;;;;;;;;x;
plain_indians;Siouan;Siouan;Siouan;Siouan;;;;;;;;;x;
polynesian;Polynesian;Polynesian;Polynesian;Polynesian;Polynesian;;;;;;;;;x;
polynesian_group;Polynesian;Polynesian;Polynesian;Polynesian;;;;;;;;;x;
pomoan_group;Pomo;;;;;;;;;;;;;x;
pomoan;Pomo;;;;;;;;;;;;;x;
potawatomi;Potawatomi;Potawatomi;Potawatomi;Potawatomi;;;;;;;;;x;
powhatan;Powhatan;Powhatan;Powhatan;Powhatan;;;;;;;;;x;
pueblo;Hisatsinom;Hisatsinom;Hisatsinom;Hisatsinom;;;;;;;;;x;
puelche;Puelche;Puelche;Puelche;Puelche;;;;;;;;;x;
purepechan;Purepechan;Purepechan;Purepechan;Purepechan;;;;;;;;;x;
putun;Putun;Putun;Putun;Putun;Putun;;;;;;;;;x;
qiang;Qiang;Qiang;Qiang;Qiang;Qiang;;;;;;;;;x;
quechua;Quechua;Quechua;Quechua;Quechua;Quechua;;;;;;;;;x;
quechuan;Quechuan;Quechuan;Quechuan;Quechuan;;;;;;;;;x;
quichean;Quichean;Quichean;Quichean;Quichean;;;;;;;;;x;
rekohun;Rekohun;Rekohun;Rekohun;Rekohun;Rekohun;;;;;;;;;x;
robana;Sukuma;;;;;;;;;;;;x;
rufiji_nyasa;Rufiji-Nyasa;Rufiji-Nyasa;Rufiji-Nyasa;Rufiji-Nyasa;Rufiji-Nyasa;;;;;;;;;x;
rutara;Rutara;;;;;;;;;;;;x;
ruvu_kikuyu_takama;Ruvu-Kikuyu-Takama;Ruvu-Kikuyu-Takama;Ruvu-Kikuyu-Takama;Ruvu-Kikuyu-Takama;Ruvu-Kikuyu-Takama;;;;;;;;;x;
ruvu_seuta;Ruvu-Seuta;;;;;;;;;;;;x;
sahaptian;Sahaptian;Sahaptian;Sahaptian;Sahaptian;;;;;;;;;x;
salinan;Salinan;Salinan;Salinan;;Salinan;;;;;;;;;x;
salish_group;Salish;;;;;;;;;;;;;x;
salish;Salish;Salish;Salish;Salish;;;;;;;;;x;
salishan;Salishan;Salishan;Salishan;Salishan;;;;;;;;;x;
san;San;San;San;San;San;;;;;;;;;x;
seminole;Seminole;Seminole;Seminole;Seminole;;;;;;;;;x;
sena;Sena;;;;;;;;;;;;;x
shawnee;Shawnee;Shawnee;Shawnee;Shawnee;;;;;;;;;x;
shoshone;Shoshone;Shoshone;Shoshone;Shoshone;;;;;;;;;x;
shuswap;Shuswap;Shuswap;Shuswap;Shuswap;;;;;;;;;x;
siouan;Siouan;Siouan;Siouan;Siouan;Siouan;;;;;;;;;x;
sioux;Sioux;;;;;;;;;;;;;x;
sivullirmiut;Sivullirmiut-Takama;Sivullirmiut-Takama;Sivullirmiut-Takama;Sivullirmiut-Takama;Sivullirmiut-Takama;;;;;;;;;x;
slavey;Slavey;;;;;;;;;;;;;x;
songhay;Songhay;Songhay;Songhay;Songhay;;;;;;;;;x;
sonike;Sonike;Sonike;Sonike;Sonike;;;;;;;;;x;
sonoran;Sonoran;Sonoran;Sonoran;Sonoran;Sonoran;;;;;;;;;x;
sotho;Sotho;;;;;;;;;;;;;x;
south_african;South African;South African;South African;South African;;;;;;;;;x;
south_bantu;South Bantu;South Bantu;South Bantu;South Bantu;South Bantu;South Bantu;South Bantu;South Bantu;South Bantu;South Bantu;South Bantu;South Bantu;South Bantu;x
sudanese;Azande;Azande;Azande;Azande;;;;;;;;;x;
sudanese_group;Sudanese;Sudanese;Sudanese;Sudanese;;;;;;;;;x;
susquehannock;Susquehannock;Susquehannock;Susquehannock;Susquehannock;;;;;;;;;x;
swahili;Swahili;;;;;;;;;;;;x;
syriac;Syriac;Syriac;Syriac;;Syriac;;;;;;;;;x;
tai_kadai;Tai-Kadai;Tai-Kadai;Tai-Kadai;Tai-Kadai;Tai-Kadai;;;;;;;;;x;
taino;Taino;Taino;Taino;Taino;Taino;;;;;;;;;x;
taiwanese;Taiwanese;Taïwanais;Taiwanisch;;Taiwáno;;;;;;;;;x
tanaina;Tanaina;Tanaina;Tanaina;Tanaina;;;;;;;;;x;
tangan;Rufiji–Ruvuma;;;;;;;;;;;;x;
tarachatitian;Tarachatitian;Tarachatitian;Tarachatitian;Tarachatitian;;;;;;;;;x;
tarahumaran;Tarahumaran;Tarahumaran;Tarahumaran;Tarahumaran;;;;;;;;;x;
tarascan_group;Tarascan;;;;;;;;;;;;;x;
tarascan;Tarascan;;;;;;;;;;;;;x;
tecos;Wixarika;Wixarika;Wixarika;Wixarika;;;;;;;;;x;
tepanec;Tepanec;Tepanec;Tepanec;Tepanec;;;;;;;;;x;
tibetan_group;Tibetan;Tibetan;Tibetan;Tibetan;;;;;;;;;x;
timicua;Timicua;Timicua;Timicua;Timicua;;;;;;;;;x;
timicuan;Timicuan;Timicuan;Timicuan;Timicuan;;;;;;;;;x;
tlapanec;Tlapanec;Tlapanec;Tlapanec;Tlapanec;;;;;;;;;x;
tlaxcallan;Tlaxcallan;Tlaxcallan;Tlaxcallan;Tlaxcallan;;;;;;;;;x;
tlingit_group;Tlingit;;;;;;;;;;;;;x;
tlingit;Tlingit;Tlingit;Tlingit;Tlingit;;;;;;;;;x;
tolupan;Tolupan;;;;;;;;;;;;;x;
tonkawa;Tonkawa;Tonkawa;Tonkawa;Tonkawa;;;;;;;;;x;
tonkawan;Tonkawan;Tonkawan;Tonkawan;Tonkawan;;;;;;;;;x;
tonoan_group;Tonoan;;;;;;;;;;;;;x;
tonoan;Tonoan;;;;;;;;;;;;;x;
totonac;Totonac;Totonac;Totonac;Totonac;;;;;;;;;x;
trincheras;Trincheras;Trincheras;Trincheras;Trincheras;;;;;;;;;x;
tsimishian;Tsimishian;Tsimishian;Tsimishian;Tsimishian;;;;;;;;;x;
tsimshianic_group;Tsimshian;;;;;;;;;;;;;x;
tsimshianic;Tsimshian;;;;;;;;;;;;;x;
tswana;Tswana;;;;;;;;;;;;;x;
tuniq_group;Tuniq;Tuniq;Tuniq;Tuniq;;;;;;;;;x;
tuniq;Tuniq;Tuniq;Tuniq;Tuniq;;;;;;;;;x;
tupi;Tupinamba;Tupinamba;Tupinamba;Tupinamba;Tupinamba;;;;;;;;;x;
tupinamba;Tupi;Tupi;Tupi;Tupi;Tupi;;;;;;;;;x;
turkana;Turkana;Turkana;Turkana;Turkana;;;;;;;;;x;
tuscarora;Tuscarora;Tuscarora;Tuscarora;Tuscarora;;;;;;;;;x;
tzeltal;Tzeltal;Tzeltal;Tzeltal;Tzeltal;;;;;;;;;x;
ute;Ute;Ute;Ute;Ute;;;;;;;;;x;
utian;Utian;Utian;Utian;Utian;;;;;;;;;x;
uto_aztecan;Uto-Aztecan;Uto-Aztecan;Uto-Aztecan;Uto-Aztecan;;;;;;;;;x;
venda_bonga;Nyanja;;;;;;;;;;;;x;
venda_tsonga;Tsonga;;;;;;;;;;;;x;
vinlandic;Vinlandic;Vinlandic;Vinlandic;Vinlandic;Vinlandic;;;;;;;;;x;
wabanaki_algonquian;Wabanaki Algonquian;Wabanaki Algonquian;Wabanaki Algonquian;Wabanaki Algonquian;;;;;;;;;x;
wakashan_group;Wakashan;;;;;;;;;;;;;x;
wakashan;Wakashan;;;;;;;;;;;;;x;
wangozi;Wangozi;Wangozi;Wangozi;Wangozi;Wangozi;Wangozi;Wangozi;Wangozi;Wangozi;Wangozi;Wangozi;Wangozi;Wangozi;x;
wastek;Wastek;Wastek;Wastek;Wastek;Wastek;;;;;;;;;x;
wayuu;Lokono-Wayuu;Lokono-Wayuu;Lokono-Wayuu;Lokono-Wayuu;;;;;;;;;x;
west_algonquian;West Algonquian;West Algonquian;West Algonquian;West Algonquian;;;;;;;;;x;
wichita;Wichita;Wichita;Wichita;Wichita;;;;;;;;;x;
winnebago;Winnebago;Winnebago;Winnebago;Winnebago;;;;;;;;;x;
wintuan;Wintuan;Wintuan;Wintuan;Wintuan;;;;;;;;;x;
woccon;Woccon;Woccon;Woccon;Woccon;;;;;;;;;x;
xhosa;Xhosa;;;;;;;;;;;;;x
xinca_group;Xinca;;;;;;;;;;;;;x;
xinca;Xinca;;;;;;;;;;;;;x;
xianbei;Xianbei;Xianbei;Xianbei;;Xianbei;;;;;;;;;x
yakut;Evenk;Evenk;Evenk;Evenk;;;;;;;;;x;
yeniseian;Yeniseian;Yeniseian;Yeniseian;Yeniseian;Yeniseian;;;;;;;;;x;
yevani;Yevani;Yevani;Yevani;;Yevani;;;;;;;;;x;
yokut;Yokut;Yokut;Yokut;Yokut;;;;;;;;;x;
yucatecan;Yucatecan;Yucatecan;Yucatecan;Yucatecan;;;;;;;;;x;
yukaghir_group;Yukaghir;Yukaghir;Yukaghir;Yukaghir;Yukaghir;;;;;;;;;x;
yukaghir;Yukaghir;Yukaghir;Yukaghir;Yukaghir;Yukaghir;;;;;;;;;x;
yuman;Yuman;Yuman;Yuman;Yuman;;;;;;;;;x;
yupik;Yupik;Yupik;Yupik;Yupik;;;;;;;;;x;
yurok;Yurok;;;;;;;;;x;
zacatecan;Zacatecan;;;;;;;;;;;;;x;
zaghawa;Zaghawa;Zaghawa;Zaghawa;Zaghawa;;;;;;;;;x;
zambian;Luba;;;;;;;;;;;;x;
zanzi;Kirundi;;;;;;;;;;;;x;
zapotec;Zapotec;Zapotec;Zapotec;Zapotec;;;;;;;;;x;
zapotek;Zapotek;Zapotek;Zapotek;Zapotek;Zapotek;;;;;;;;;x;
zealander;Maori;Maori;Maori;Maori;;;;;;;;;x;
zhuang;Zhuang;Zhuang;Zhuang;Zhuang;Zhuang;;;;;;;;;x;
zhuhui;Zhuhui;Zhuhui;Zhuhui;;Zhuhui;;;;;;;;;x;
zoque;Zoque;Zoque;Zoque;Zoque;;;;;;;;;x;
zulu;Zulu;;;;;;;;;;;;;x